<suite name="economictimes.indiatimes.">
<parameter name="browsername" value="chrome"/>
 <parameter name="url" value="https://economictimes.indiatimes.com//"/>
 <test name="Registration: registration successfully">
<classes>
<class name="test.economictimes.SignIn"/>
<methods>
<parameter name="emailId" value="mchowdhury892@outlook.com"/>
<parameter name="firstName" value="Mrityunjoy"/>
<parameter name="password" value="bangalore@9"/>
<parameter name="mobNo" value="9007935049"/>
<include  name="TC_001"/>
</methods>
</classes>
</test>
<test name=" Login:User is login with successfully with valid  user id and password">
<classes>
<class name="test.economictimes.SignIn"/>
<methods>
<parameter name="userName" value="mchowdhury891@outlook.com"/>
<parameter name="Password" value="bangalore@9"/>
<include  name="TC_002"/>
</methods>
</classes>
</test>
<test name="Login:test case 3 user is sigin in with GOOGLE++">
<classes>
<class name="test.economictimes.SignIn"/>
<methods>
<parameter name="userID" value="mchowdhury893@outlook.com"/>
<parameter name="password" value="Mrityunjoy"/>
<include  name="TC_003"/>
</methods>
</classes>
</test>
<test name=" Login:passing invalid user id ">
<classes>
<class name="test.economictimes.SignIn"/>
<methods>
<parameter name="userName" value="mchowdhury891"/>
<parameter name="Password" value="bangalore@9"/>
<include  name="TC_004"/>
</methods>
</classes>
</test>
<test name="Scearch">
<classes>
<class name="test.economictimes.Search"/>
<methods>
<parameter name="userName" value="mchowdhury891@outlook.com"/>
<parameter name="Password" value="bangalore@9"/>
<parameter name="word" value="bangalore"/>
<include  name="TC_001"/>
</methods>
</classes>
</test> 
<test name="Scearch with out login">
<classes>
<class name="test.economictimes.Search"/>
<methods>
<parameter name="word" value="bangalore"/>
<include  name="TC_002"/>
</methods>
</classes>
</test>
</suite>	